{"cameraMode":{"drawMode":0,"name":"Shaded","section":"Shading Mode"},"sceneLighting":false,"audioPlay":false,"sceneViewState":{"showFog":false,"showMaterialUpdate":false,"showSkybox":false,"showFlares":false,"showImageEffects":false,"showParticleSystems":false,"showVisualEffectGraphs":true,"m_FxEnabled":true},"in2DMode":false,"pivot":{"x":3.795815944671631,"y":-0.5420108437538147,"z":1.9597022533416749},"rotation":{"x":0.26513391733169558,"y":0.18060457706451417,"z":-0.050616465508937839,"w":0.9458020925521851},"size":1.9499998092651368,"orthographic":false}