{"cameraMode":{"drawMode":0,"name":"Shaded","section":"Shading Mode"},"sceneLighting":false,"audioPlay":false,"sceneViewState":{"showFog":false,"showMaterialUpdate":false,"showSkybox":false,"showFlares":false,"showImageEffects":false,"showParticleSystems":false},"in2DMode":false,"pivot":{"x":2.610116720199585,"y":0.9156368970870972,"z":1.0345075130462647},"rotation":{"x":-0.08869389444589615,"y":0.0009081548196263611,"z":-0.0000888515860424377,"w":-0.9960667490959168},"size":2.2288687229156496,"orthographic":false}